Image_ID,Bbox,Class_Label
1.png,"30,86,200,100",0
2.png,"0,9,200,25",0
3.png,"104,169,200,181",0
4.png,"0,116,74,127",0
5.png,"149,102,200,110",0
6.png,"0,33,200,46",0
7.png,"68,79,200,91",0
8.png,"14,132,200,144",0
9.png,"97,51,200,60",0
10.png,"156,171,200,186",0
11.png,"0,84,139,99",0
12.png,"127,86,200,96",0
13.png,"0,83,151,94",0
14.png,"0,106,200,118",0
15.png,"0,133,200,148",0
16.png,"67,147,183,159",0
17.png,"50,158,200,175",0
18.png,"6,61,117,74",0
19.png,"39,111,177,121",0
20.png,"0,132,200,143",0
21.png,"0,134,188,148",0
22.png,"11,67,200,81",0
23.png,"0,70,200,83",0
24.png,"78,74,200,86",0
25.png,"131,133,200,145",0
26.png,"103,45,197,55",0
27.png,"141,173,200,189",0
28.png,"0,129,200,146",0
29.png,"42,90,200,107",0
30.png,"0,167,171,179",0
31.png,"0,63,200,77",0
32.png,"138,159,200,171",0
33.png,"40,107,200,117",0
34.png,"0,174,200,185",0
35.png,"27,127,200,141",0
36.png,"0,123,103,134",0
37.png,"103,77,200,93",0
38.png,"0,153,200,165",0
39.png,"0,60,115,71",0
40.png,"32,164,200,176",0
41.png,"52,172,200,188",0
42.png,"0,23,126,36",0
43.png,"94,152,200,167",0
44.png,"146,55,200,67",0
45.png,"121,146,199,156",0
46.png,"0,106,200,119",0
47.png,"97,38,200,49",0
48.png,"0,34,200,46",0
49.png,"104,171,200,186",0
50.png,"24,21,120,33",0
51.png,"0,52,79,65",0
52.png,"141,116,200,130",0
53.png,"143,119,200,131",0
54.png,"36,135,118,145",0
55.png,"24,90,200,101",0
56.png,"108,50,200,65",0
57.png,"135,156,200,171",0
58.png,"0,120,156,133",0
59.png,"9,134,200,146",0
60.png,"104,105,200,117",0
61.png,"111,16,200,27",0
62.png,"0,138,200,152",0
63.png,"0,100,200,115",0
64.png,"114,56,200,70",0
65.png,"64,119,200,131",0
66.png,"51,34,110,44",0
67.png,"141,164,200,176",0
68.png,"46,17,167,29",0
69.png,"25,172,200,189",0
70.png,"136,166,200,181",0
71.png,"107,104,200,115",0
72.png,"86,117,200,129",0
73.png,"106,117,200,131",0
74.png,"9,176,146,190",0
75.png,"86,24,200,36",0
76.png,"103,79,200,92",0
77.png,"0,35,106,47",0
78.png,"122,143,200,155",0
79.png,"22,177,200,191",0
80.png,"141,79,200,96",0
81.png,"95,128,200,140",0
82.png,"153,138,200,155",0
83.png,"0,144,59,158",0
84.png,"53,176,189,189",0
85.png,"47,118,200,130",0
86.png,"100,83,200,92",0
87.png,"117,40,200,57",0
88.png,"64,57,200,69",0
89.png,"0,36,200,50",0
90.png,"158,79,200,95",0
91.png,"101,57,200,72",0
92.png,"93,109,200,122",0
93.png,"3,174,87,185",0
94.png,"5,135,150,145",0
95.png,"0,45,199,57",0
96.png,"0,105,117,117",0
97.png,"83,142,200,156",0
98.png,"134,143,200,153",0
99.png,"152,88,200,99",0
100.png,"28,48,168,65",0
101.png,"0,140,200,151",0
102.png,"100,178,200,195",0
103.png,"0,67,158,77",0
104.png,"70,87,161,101",0
105.png,"0,45,200,60",0
106.png,"87,132,200,144",0
107.png,"0,68,168,80",0
108.png,"69,13,200,25",0
109.png,"5,32,200,46",0
110.png,"127,150,200,162",0
111.png,"103,22,200,34",0
112.png,"98,136,200,150",0
113.png,"0,36,158,51",0
114.png,"115,78,200,89",0
115.png,"0,40,118,56",0
116.png,"147,123,200,140",0
117.png,"0,128,190,143",0
118.png,"144,138,200,153",0
119.png,"0,59,116,74",0
120.png,"57,90,200,101",0
121.png,"156,163,200,175",0
122.png,"0,107,126,119",0
123.png,"137,75,200,91",0
124.png,"115,37,200,52",0
125.png,"0,118,75,129",0
126.png,"103,167,200,182",0
127.png,"127,41,200,51",0
128.png,"25,147,200,159",0
129.png,"84,37,200,52",0
130.png,"0,116,55,126",0
131.png,"0,39,101,53",0
132.png,"117,128,200,145",0
133.png,"72,127,200,141",0
134.png,"40,151,200,163",0
135.png,"13,111,168,125",0
136.png,"27,18,134,28",0
137.png,"44,43,190,58",0
138.png,"0,81,147,96",0
139.png,"123,166,200,183",0
140.png,"67,174,200,188",0
141.png,"38,153,133,164",0
142.png,"39,165,200,179",0
143.png,"0,16,167,32",0
144.png,"0,160,200,172",0
145.png,"0,60,135,71",0
146.png,"0,16,81,31",0
147.png,"45,53,200,70",0
148.png,"41,82,174,98",0
149.png,"132,149,200,159",0
150.png,"41,76,200,88",0
151.png,"102,124,160,132",0
152.png,"82,174,200,187",0
153.png,"0,102,156,114",0
154.png,"0,88,138,99",0
155.png,"0,149,149,163",0
156.png,"55,118,200,130",0
157.png,"16,150,160,166",0
158.png,"0,61,188,72",0
159.png,"0,118,200,129",0
160.png,"29,134,200,145",0
161.png,"39,175,200,190",0
162.png,"119,134,200,145",0
163.png,"20,59,185,70",0
164.png,"134,162,200,175",0
165.png,"101,10,200,22",0
166.png,"60,26,198,37",0
167.png,"100,83,200,100",0
168.png,"96,61,200,74",0
169.png,"131,67,200,78",0
170.png,"49,175,140,188",0
171.png,"152,161,200,176",0
172.png,"0,171,175,188",0
173.png,"82,43,200,53",0
174.png,"0,178,163,193",0
175.png,"141,23,200,35",0
176.png,"74,28,198,40",0
177.png,"6,68,200,80",0
178.png,"62,20,200,31",0
179.png,"60,115,170,126",0
180.png,"35,38,200,48",0
181.png,"83,52,198,63",0
182.png,"138,180,200,195",0
183.png,"70,80,200,95",0
184.png,"41,104,200,115",0
185.png,"55,106,200,123",0
186.png,"25,123,200,138",0
187.png,"20,165,200,181",0
188.png,"0,18,148,29",0
189.png,"146,94,200,105",0
190.png,"0,73,160,85",0
191.png,"0,108,196,118",0
192.png,"0,77,200,87",0
193.png,"0,95,112,109",0
194.png,"21,150,200,162",0
195.png,"19,117,176,129",0
196.png,"0,164,200,175",0
197.png,"0,25,200,38",0
198.png,"116,152,200,161",0
199.png,"123,87,177,99",0
200.png,"0,169,148,181",0
201.png,"146,32,200,44",0
202.png,"0,138,200,150",0
203.png,"0,166,87,179",0
204.png,"104,43,200,57",0
205.png,"98,110,144,120",0
206.png,"100,92,200,107",0
207.png,"82,42,167,52",0
208.png,"0,17,142,30",0
209.png,"0,44,120,56",0
210.png,"0,68,88,80",0
211.png,"91,109,200,126",0
212.png,"0,40,57,50",0
213.png,"0,95,75,107",0
214.png,"22,91,200,102",0
215.png,"0,60,200,75",0
216.png,"47,91,200,102",0
217.png,"29,95,169,107",0
218.png,"88,13,200,30",0
219.png,"101,178,200,188",0
220.png,"31,23,200,39",0
221.png,"0,37,147,47",0
222.png,"83,56,200,66",0
223.png,"138,110,200,122",0
224.png,"24,20,197,31",0
225.png,"0,70,70,80",0
226.png,"0,17,114,27",0
227.png,"57,147,200,159",0
228.png,"36,16,200,30",0
229.png,"0,65,199,77",0
230.png,"0,19,121,33",0
231.png,"124,94,200,106",0
232.png,"0,151,183,163",0
233.png,"0,98,200,109",0
234.png,"0,156,200,172",0
235.png,"0,155,178,169",0
236.png,"105,52,200,66",0
237.png,"148,161,200,173",0
238.png,"96,130,200,147",0
239.png,"142,111,200,122",0
240.png,"0,146,107,162",0
241.png,"0,37,108,48",0
242.png,"0,136,189,151",0
243.png,"65,12,199,27",0
244.png,"0,140,101,150",0
245.png,"37,77,196,87",0
246.png,"0,84,110,96",0
247.png,"75,20,174,32",0
248.png,"40,138,162,150",0
249.png,"71,102,167,112",0
250.png,"0,70,146,86",0
251.png,"0,49,200,63",0
252.png,"0,64,200,76",0
253.png,"0,73,144,89",0
254.png,"61,81,200,91",0
255.png,"31,8,200,21",0
256.png,"153,61,200,77",0
257.png,"106,101,200,115",0
258.png,"148,73,200,85",0
259.png,"123,178,200,188",0
260.png,"137,157,200,166",0
261.png,"98,87,200,99",0
262.png,"38,173,200,186",0
263.png,"0,163,132,175",0
264.png,"88,166,200,181",0
265.png,"0,153,113,163",0
266.png,"62,63,200,80",0
267.png,"151,150,200,161",0
268.png,"86,169,200,184",0
269.png,"24,124,125,141",0
270.png,"0,92,89,102",0
271.png,"0,105,138,115",0
272.png,"0,36,61,48",0
273.png,"119,147,200,161",0
274.png,"100,58,200,71",0
275.png,"112,175,200,185",0
276.png,"0,67,164,78",0
277.png,"0,83,139,93",0
278.png,"97,19,200,32",0
279.png,"109,155,200,165",0
280.png,"20,12,200,24",0
281.png,"150,62,200,77",0
282.png,"68,84,200,95",0
283.png,"24,166,200,178",0
284.png,"125,64,200,79",0
285.png,"70,94,181,108",0
286.png,"30,63,200,73",0
287.png,"90,37,200,53",0
288.png,"58,63,200,75",0
289.png,"26,126,200,141",0
290.png,"109,105,200,119",0
291.png,"160,142,200,158",0
292.png,"129,93,200,105",0
293.png,"79,155,200,165",0
294.png,"42,99,200,113",0
295.png,"62,10,200,25",0
296.png,"0,149,158,160",0
297.png,"159,74,200,88",0
298.png,"99,36,200,48",0
299.png,"0,94,162,106",0
300.png,"0,92,200,103",0
301.png,"0,97,132,113",0
302.png,"44,40,200,57",0
303.png,"127,179,200,193",0
304.png,"139,54,200,65",0
305.png,"0,117,119,128",0
306.png,"37,37,200,52",0
307.png,"24,129,200,141",0
308.png,"17,157,181,172",0
309.png,"0,131,200,147",0
310.png,"133,89,200,100",0
311.png,"83,91,200,103",0
312.png,"26,125,200,137",0
313.png,"123,15,200,27",0
314.png,"62,62,200,74",0
315.png,"14,129,164,144",0
316.png,"0,147,97,158",0
317.png,"32,48,200,65",0
318.png,"116,138,200,149",0
319.png,"145,78,200,88",0
320.png,"0,100,60,115",0
321.png,"38,57,131,69",0
322.png,"50,154,200,166",0
323.png,"0,120,97,129",0
324.png,"123,21,200,36",0
325.png,"0,118,199,129",0
326.png,"92,167,200,181",0
327.png,"55,118,200,128",0
328.png,"0,172,151,185",0
329.png,"96,87,200,103",0
330.png,"42,84,200,98",0
331.png,"27,72,112,82",0
332.png,"70,104,197,116",0
333.png,"43,153,200,168",0
334.png,"0,51,124,63",0
335.png,"30,77,200,93",0
336.png,"87,116,200,126",0
337.png,"0,90,130,102",0
338.png,"111,84,200,99",0
339.png,"0,52,183,66",0
340.png,"33,17,200,29",0
341.png,"23,73,200,90",0
342.png,"79,103,200,117",0
343.png,"0,66,101,77",0
344.png,"14,155,159,169",0
345.png,"109,154,200,171",0
346.png,"114,48,200,63",0
347.png,"90,61,187,73",0
348.png,"72,44,200,61",0
349.png,"80,144,200,161",0
350.png,"29,172,182,183",0
351.png,"33,104,200,119",0
352.png,"0,17,200,33",0
353.png,"51,137,200,149",0
354.png,"140,65,200,77",0
355.png,"57,171,166,181",0
356.png,"0,43,200,60",0
357.png,"41,141,200,156",0
358.png,"0,170,116,182",0
359.png,"131,156,200,169",0
360.png,"159,170,200,184",0
361.png,"0,109,74,120",0
362.png,"0,45,149,60",0
363.png,"0,71,96,87",0
364.png,"110,18,200,33",0
365.png,"0,44,169,56",0
366.png,"0,34,200,49",0
367.png,"10,147,200,162",0
368.png,"84,160,200,171",0
369.png,"0,155,136,167",0
370.png,"35,144,157,156",0
371.png,"28,46,200,58",0
372.png,"18,19,200,30",0
373.png,"139,30,200,41",0
374.png,"0,53,181,63",0
375.png,"13,93,182,106",0
376.png,"0,50,111,62",0
377.png,"0,62,200,77",0
378.png,"104,42,200,57",0
379.png,"0,145,187,157",0
380.png,"0,45,160,60",0
381.png,"39,72,200,89",0
382.png,"24,95,200,107",0
383.png,"0,105,137,117",0
384.png,"82,98,200,110",0
385.png,"92,92,200,104",0
386.png,"4,37,200,53",0
387.png,"121,81,200,92",0
388.png,"147,147,200,159",0
389.png,"141,32,200,42",0
390.png,"30,140,200,152",0
391.png,"0,63,194,78",0
392.png,"0,51,105,64",0
393.png,"128,113,200,127",0
394.png,"56,19,200,29",0
395.png,"45,52,200,65",0
396.png,"82,88,200,105",0
397.png,"100,85,199,95",0
398.png,"89,117,200,129",0
399.png,"0,178,193,187",0
400.png,"37,177,165,188",0
401.png,"93,165,200,176",0
402.png,"0,30,82,40",0
403.png,"71,164,200,176",0
404.png,"101,67,200,80",0
405.png,"0,126,158,136",0
406.png,"147,135,200,145",0
407.png,"0,131,134,144",0
408.png,"15,59,200,74",0
409.png,"115,79,200,91",0
410.png,"124,97,200,109",0
411.png,"0,30,200,45",0
412.png,"130,98,200,112",0
413.png,"68,122,200,133",0
414.png,"142,85,200,96",0
415.png,"146,95,200,107",0
416.png,"0,13,200,29",0
417.png,"14,78,200,93",0
418.png,"95,111,200,128",0
419.png,"9,26,200,42",0
420.png,"0,40,200,52",0
421.png,"101,33,200,48",0
422.png,"149,14,200,31",0
423.png,"104,82,200,93",0
424.png,"107,155,200,167",0
425.png,"75,20,200,32",0
426.png,"100,57,200,68",0
427.png,"0,88,58,98",0
428.png,"0,81,138,92",0
429.png,"3,28,146,39",0
430.png,"93,99,200,116",0
431.png,"0,65,149,76",0
432.png,"79,34,200,44",0
433.png,"123,136,200,151",0
434.png,"0,173,165,183",0
435.png,"132,48,200,58",0
436.png,"90,25,200,36",0
437.png,"22,55,189,65",0
438.png,"78,47,200,58",0
439.png,"84,162,200,177",0
440.png,"0,69,200,86",0
441.png,"10,65,200,80",0
442.png,"35,116,153,128",0
443.png,"75,108,147,120",0
444.png,"74,113,167,125",0
445.png,"142,61,200,77",0
446.png,"129,12,200,28",0
447.png,"0,101,156,111",0
448.png,"33,88,200,99",0
449.png,"157,163,200,175",0
450.png,"128,66,200,81",0
451.png,"101,55,200,65",0
452.png,"84,107,200,124",0
453.png,"0,76,200,91",0
454.png,"0,175,181,187",0
455.png,"0,93,200,105",0
456.png,"0,79,94,90",0
457.png,"60,67,200,78",0
458.png,"0,22,138,36",0
459.png,"87,164,200,178",0
460.png,"21,179,200,191",0
461.png,"15,163,108,171",0
462.png,"0,53,200,69",0
463.png,"138,27,200,39",0
464.png,"152,125,200,137",0
465.png,"53,75,200,86",0
466.png,"45,152,200,163",0
467.png,"122,105,200,119",0
468.png,"0,40,89,54",0
469.png,"102,141,177,150",0
470.png,"93,24,198,34",0
471.png,"63,107,165,118",0
472.png,"90,147,147,155",0
473.png,"35,64,200,75",0
474.png,"128,104,200,116",0
475.png,"0,92,103,103",0
476.png,"80,19,169,31",0
477.png,"108,97,200,106",0
478.png,"0,119,117,134",0
479.png,"136,120,200,135",0
480.png,"5,79,174,91",0
481.png,"157,43,200,58",0
482.png,"121,170,200,183",0
483.png,"89,74,182,86",0
484.png,"73,19,200,28",0
485.png,"42,81,192,93",0
486.png,"36,46,171,57",0
487.png,"0,113,92,123",0
488.png,"0,155,200,172",0
489.png,"67,136,178,153",0
490.png,"0,97,106,109",0
491.png,"76,69,200,80",0
492.png,"31,164,200,177",0
493.png,"0,95,115,107",0
494.png,"0,122,61,133",0
495.png,"118,25,200,35",0
496.png,"64,58,136,67",0
497.png,"45,74,200,91",0
498.png,"0,124,111,137",0
499.png,"1,13,200,23",0
500.png,"30,64,200,80",0
501.png,"41,132,190,147",0
502.png,"124,150,200,162",0
503.png,"0,67,200,79",0
504.png,"37,156,200,168",0
505.png,"0,108,200,122",0
506.png,"87,54,200,65",0
507.png,"143,42,200,56",0
508.png,"65,158,200,171",0
509.png,"66,134,160,146",0
510.png,"0,43,184,58",0
511.png,"1,37,93,45",0
512.png,"143,162,200,178",0
513.png,"27,135,200,152",0
514.png,"130,44,200,56",0
515.png,"158,79,200,91",0
516.png,"142,136,200,152",0
517.png,"146,89,200,101",0
518.png,"52,167,200,179",0
519.png,"0,163,192,177",0
520.png,"90,49,200,63",0
521.png,"29,97,200,112",0
522.png,"80,141,200,153",0
523.png,"137,148,200,160",0
524.png,"133,95,200,109",0
525.png,"4,53,200,67",0
526.png,"132,142,200,154",0
527.png,"0,130,200,142",0
528.png,"5,179,170,190",0
529.png,"159,135,200,148",0
530.png,"0,81,85,92",0
531.png,"45,14,200,25",0
532.png,"9,109,152,124",0
533.png,"106,67,200,78",0
534.png,"0,175,200,186",0
535.png,"92,57,200,65",0
536.png,"100,134,200,147",0
537.png,"160,105,200,121",0
538.png,"145,170,200,187",0
539.png,"22,82,200,95",0
540.png,"152,44,200,54",0
541.png,"117,62,200,78",0
542.png,"8,163,191,177",0
543.png,"94,137,200,147",0
544.png,"140,160,200,175",0
545.png,"0,153,42,165",0
546.png,"109,67,200,81",0
547.png,"29,155,200,170",0
548.png,"81,147,200,158",0
549.png,"33,155,176,167",0
550.png,"21,90,197,102",0
551.png,"0,49,154,61",0
552.png,"43,64,200,77",0
553.png,"119,177,200,185",0
554.png,"96,28,200,40",0
555.png,"53,110,200,124",0
556.png,"102,176,195,189",0
557.png,"142,85,200,95",0
558.png,"153,173,200,184",0
559.png,"113,174,176,182",0
560.png,"0,69,48,85",0
561.png,"0,158,200,170",0
562.png,"38,133,200,145",0
563.png,"44,76,196,87",0
564.png,"42,170,200,185",0
565.png,"11,61,200,77",0
566.png,"145,75,200,88",0
567.png,"16,125,172,137",0
568.png,"49,177,200,189",0
569.png,"138,75,200,85",0
570.png,"110,113,200,124",0
571.png,"138,124,200,137",0
572.png,"57,133,173,143",0
573.png,"0,79,54,91",0
574.png,"158,135,200,149",0
575.png,"142,122,200,137",0
576.png,"0,136,200,153",0
577.png,"134,9,200,21",0
578.png,"86,32,200,48",0
579.png,"128,24,200,38",0
580.png,"52,129,200,141",0
581.png,"0,174,78,184",0
582.png,"58,51,200,62",0
583.png,"43,150,191,161",0
584.png,"0,146,127,160",0
585.png,"18,84,200,94",0
586.png,"67,168,181,183",0
587.png,"0,109,105,121",0
588.png,"121,49,200,60",0
589.png,"0,161,116,173",0
590.png,"0,66,130,78",0
591.png,"21,39,167,54",0
592.png,"20,94,200,105",0
593.png,"0,83,111,94",0
594.png,"61,149,158,164",0
595.png,"50,103,182,115",0
596.png,"14,103,200,119",0
597.png,"0,83,200,98",0
598.png,"144,38,200,53",0
599.png,"0,17,200,33",0
600.png,"160,46,200,63",0
601.png,"121,13,200,24",0
602.png,"56,163,174,173",0
603.png,"99,61,200,73",0
604.png,"141,62,200,76",0
605.png,"11,120,154,130",0
606.png,"159,48,200,64",0
607.png,"112,95,200,105",0
608.png,"0,23,97,40",0
609.png,"4,101,66,111",0
610.png,"0,141,103,152",0
611.png,"0,69,155,79",0
612.png,"6,158,170,169",0
613.png,"77,135,200,147",0
614.png,"0,134,85,143",0
615.png,"10,77,151,89",0
616.png,"109,39,200,51",0
617.png,"61,53,200,65",0
618.png,"69,118,200,134",0
619.png,"158,35,200,47",0
620.png,"0,166,160,181",0
621.png,"85,165,200,182",0
622.png,"0,159,200,175",0
623.png,"0,142,152,157",0
624.png,"28,37,200,49",0
625.png,"62,88,121,98",0
626.png,"88,84,200,94",0
627.png,"0,165,200,177",0
628.png,"2,148,200,165",0
629.png,"0,110,136,122",0
630.png,"119,118,200,127",0
631.png,"114,131,200,142",0
632.png,"61,19,155,29",0
633.png,"35,7,200,23",0
634.png,"5,132,200,143",0
635.png,"94,169,200,182",0
636.png,"72,35,200,49",0
637.png,"0,30,119,43",0
638.png,"140,89,200,100",0
639.png,"3,44,200,57",0
640.png,"132,63,200,80",0
641.png,"74,152,200,163",0
642.png,"27,77,200,94",0
643.png,"0,39,109,52",0
644.png,"0,27,175,37",0
645.png,"35,29,200,43",0
646.png,"142,28,200,37",0
647.png,"93,97,200,108",0
648.png,"89,143,200,153",0
649.png,"0,149,166,161",0
650.png,"0,155,200,170",0
651.png,"152,87,200,100",0
652.png,"31,58,112,70",0
653.png,"65,88,200,103",0
654.png,"90,94,200,108",0
655.png,"1,29,146,44",0
656.png,"80,166,200,182",0
657.png,"16,31,194,42",0
658.png,"0,21,200,36",0
659.png,"0,81,74,93",0
660.png,"22,155,200,167",0
661.png,"147,158,200,168",0
662.png,"69,165,200,177",0
663.png,"0,125,115,141",0
664.png,"123,152,200,163",0
665.png,"18,136,109,147",0
666.png,"116,154,200,166",0
667.png,"50,162,200,173",0
668.png,"137,179,200,191",0
669.png,"0,179,200,195",0
670.png,"12,83,171,98",0
671.png,"89,87,200,102",0
672.png,"41,137,161,152",0
673.png,"113,50,200,60",0
674.png,"65,135,200,151",0
675.png,"0,124,200,141",0
676.png,"156,16,200,27",0
677.png,"0,114,103,124",0
678.png,"27,86,200,103",0
679.png,"105,150,200,161",0
680.png,"135,89,200,102",0
681.png,"141,93,200,104",0
682.png,"35,150,177,162",0
683.png,"151,154,200,166",0
684.png,"0,68,153,84",0
685.png,"3,31,200,45",0
686.png,"0,98,122,109",0
687.png,"53,28,179,40",0
688.png,"53,37,200,49",0
689.png,"103,157,200,168",0
690.png,"105,93,200,106",0
691.png,"0,151,200,163",0
692.png,"112,101,200,117",0
693.png,"54,177,200,194",0
694.png,"0,30,51,41",0
695.png,"109,73,200,85",0
696.png,"0,98,200,115",0
697.png,"125,70,200,81",0
698.png,"114,94,184,105",0
699.png,"56,55,200,70",0
700.png,"105,120,200,130",0
701.png,"140,112,200,124",0
702.png,"0,79,200,95",0
703.png,"0,37,174,54",0
704.png,"136,10,200,21",0
705.png,"21,144,200,159",0
706.png,"83,135,187,145",0
707.png,"132,173,200,184",0
708.png,"54,83,200,95",0
709.png,"0,119,124,131",0
710.png,"0,45,200,61",0
711.png,"150,130,200,147",0
712.png,"127,58,200,69",0
713.png,"88,59,200,76",0
714.png,"90,150,200,162",0
715.png,"107,90,200,107",0
716.png,"0,19,200,34",0
717.png,"0,125,200,142",0
718.png,"22,92,117,103",0
719.png,"0,147,200,160",0
720.png,"32,18,200,35",0
721.png,"76,165,200,175",0
722.png,"0,149,163,161",0
723.png,"22,63,200,73",0
724.png,"57,74,200,85",0
725.png,"20,65,200,78",0
726.png,"0,70,200,87",0
727.png,"51,135,200,147",0
728.png,"109,160,200,172",0
729.png,"88,93,200,108",0
730.png,"104,140,200,152",0
731.png,"0,67,166,79",0
732.png,"33,49,200,60",0
733.png,"50,134,178,144",0
734.png,"0,20,122,31",0
735.png,"0,136,111,147",0
736.png,"0,125,122,136",0
737.png,"114,9,200,24",0
738.png,"3,84,171,99",0
739.png,"21,68,200,85",0
740.png,"0,147,112,159",0
741.png,"5,22,200,39",0
742.png,"55,77,176,91",0
743.png,"95,114,200,124",0
744.png,"0,72,200,87",0
745.png,"48,86,200,99",0
746.png,"135,141,200,156",0
747.png,"106,28,200,40",0
748.png,"132,21,200,33",0
749.png,"23,60,165,72",0
750.png,"0,157,200,172",0
751.png,"103,170,200,185",0
752.png,"158,79,200,92",0
753.png,"108,57,200,71",0
754.png,"37,94,199,110",0
755.png,"0,145,65,157",0
756.png,"140,68,200,79",0
757.png,"0,114,200,131",0
758.png,"13,128,167,138",0
759.png,"109,31,200,42",0
760.png,"158,137,200,150",0
761.png,"32,102,200,113",0
762.png,"22,19,200,31",0
763.png,"143,20,200,32",0
764.png,"95,129,200,144",0
765.png,"0,88,31,99",0
766.png,"119,132,200,144",0
767.png,"14,18,200,32",0
768.png,"0,33,200,45",0
769.png,"0,165,200,180",0
770.png,"0,120,135,132",0
771.png,"61,145,200,160",0
772.png,"83,116,200,131",0
773.png,"51,122,200,132",0
774.png,"0,25,163,36",0
775.png,"149,114,200,125",0
776.png,"0,173,200,187",0
777.png,"0,101,123,116",0
778.png,"88,150,200,160",0
779.png,"79,26,200,41",0
780.png,"0,43,106,54",0
781.png,"73,16,200,33",0
782.png,"39,130,200,145",0
783.png,"118,13,200,28",0
784.png,"115,177,200,192",0
785.png,"26,151,200,168",0
786.png,"113,136,200,145",0
787.png,"40,178,189,188",0
788.png,"0,44,121,54",0
789.png,"83,82,200,98",0
790.png,"72,68,200,80",0
791.png,"0,72,75,85",0
792.png,"52,81,196,93",0
793.png,"93,119,200,130",0
794.png,"134,43,200,53",0
795.png,"0,22,177,35",0
796.png,"2,145,200,157",0
797.png,"11,13,176,25",0
798.png,"0,139,128,150",0
799.png,"0,44,200,60",0
800.png,"91,167,200,180",0
801.png,"0,65,89,76",0
802.png,"126,105,200,120",0
803.png,"39,59,200,71",0
804.png,"0,149,200,163",0
805.png,"14,96,119,104",0
806.png,"0,38,200,54",0
807.png,"119,149,200,161",0
808.png,"0,178,200,193",0
809.png,"51,150,196,163",0
810.png,"0,167,155,178",0
811.png,"73,147,200,160",0
812.png,"135,144,200,154",0
813.png,"146,91,200,104",0
814.png,"70,108,200,123",0
815.png,"0,87,95,102",0
816.png,"26,151,195,161",0
817.png,"0,28,135,43",0
818.png,"72,134,200,145",0
819.png,"43,146,177,158",0
820.png,"18,94,200,104",0
821.png,"119,88,200,98",0
822.png,"128,42,200,54",0
823.png,"26,41,200,56",0
824.png,"31,50,192,65",0
825.png,"18,59,174,75",0
826.png,"0,143,132,155",0
827.png,"57,98,200,108",0
828.png,"132,132,200,147",0
829.png,"120,3,200,20",0
830.png,"1,131,115,141",0
831.png,"0,28,178,39",0
832.png,"0,141,156,152",0
833.png,"0,176,177,187",0
834.png,"14,101,200,113",0
835.png,"0,143,200,154",0
836.png,"0,69,150,83",0
837.png,"145,131,200,142",0
838.png,"110,21,200,31",0
839.png,"75,123,151,133",0
840.png,"148,35,200,49",0
841.png,"102,137,200,153",0
842.png,"57,52,200,63",0
843.png,"0,76,200,89",0
844.png,"0,35,196,50",0
845.png,"0,118,94,135",0
846.png,"87,148,200,162",0
847.png,"0,99,146,109",0
848.png,"0,26,101,40",0
849.png,"138,152,200,162",0
850.png,"76,54,200,69",0
851.png,"0,105,178,117",0
852.png,"0,149,120,159",0
853.png,"23,174,200,184",0
854.png,"72,151,200,164",0
855.png,"109,89,200,101",0
856.png,"25,56,200,68",0
857.png,"0,141,32,152",0
858.png,"0,61,199,72",0
859.png,"0,51,183,68",0
860.png,"122,176,200,188",0
861.png,"150,43,200,58",0
862.png,"44,83,179,93",0
863.png,"64,117,200,131",0
864.png,"77,97,200,108",0
865.png,"0,13,181,24",0
866.png,"0,26,200,43",0
867.png,"74,140,139,151",0
868.png,"0,116,41,128",0
869.png,"67,22,200,33",0
870.png,"18,161,200,177",0
871.png,"71,165,200,182",0
872.png,"85,150,187,160",0
873.png,"0,55,160,67",0
874.png,"121,106,200,121",0
875.png,"122,33,200,42",0
876.png,"157,96,200,108",0
877.png,"88,160,200,175",0
878.png,"0,21,200,33",0
879.png,"135,170,200,182",0
880.png,"125,103,200,114",0
881.png,"0,138,197,155",0
882.png,"66,52,200,66",0
883.png,"7,11,171,23",0
884.png,"34,103,149,114",0
885.png,"25,123,200,139",0
886.png,"24,56,200,68",0
887.png,"118,74,200,83",0
888.png,"129,140,200,157",0
889.png,"118,135,200,148",0
890.png,"0,14,200,30",0
891.png,"147,154,200,165",0
892.png,"70,81,200,94",0
893.png,"0,115,48,126",0
894.png,"0,46,172,61",0
895.png,"103,162,200,175",0
896.png,"131,177,200,189",0
897.png,"11,25,200,38",0
898.png,"0,150,196,165",0
899.png,"0,10,100,22",0
900.png,"6,57,200,71",0
901.png,"124,66,200,78",0
902.png,"0,52,200,69",0
903.png,"0,119,81,132",0
904.png,"43,97,191,114",0
905.png,"143,84,200,98",0
906.png,"23,66,200,76",0
907.png,"0,147,136,159",0
908.png,"108,93,200,107",0
909.png,"87,72,200,86",0
910.png,"35,9,200,25",0
911.png,"70,68,200,82",0
912.png,"43,76,182,91",0
913.png,"156,109,200,126",0
914.png,"121,80,200,91",0
915.png,"84,36,200,52",0
916.png,"58,109,200,121",0
917.png,"77,163,200,173",0
918.png,"113,118,200,130",0
919.png,"101,176,200,193",0
920.png,"0,115,119,126",0
921.png,"50,10,200,26",0
922.png,"117,168,200,180",0
923.png,"0,23,200,35",0
924.png,"4,151,116,164",0
925.png,"84,121,200,133",0
926.png,"0,140,170,154",0
927.png,"151,83,200,98",0
928.png,"65,123,192,136",0
929.png,"16,98,142,109",0
930.png,"0,142,196,154",0
931.png,"13,55,200,69",0
932.png,"85,115,200,132",0
933.png,"0,45,200,58",0
934.png,"0,41,198,53",0
935.png,"14,176,84,188",0
936.png,"0,145,126,161",0
937.png,"43,72,200,84",0
938.png,"96,88,178,98",0
939.png,"116,171,200,181",0
940.png,"109,65,200,77",0
941.png,"1,61,125,74",0
942.png,"101,102,200,113",0
943.png,"0,7,198,21",0
944.png,"0,60,83,75",0
945.png,"0,81,148,92",0
946.png,"0,32,142,48",0
947.png,"68,18,200,29",0
948.png,"0,28,128,43",0
949.png,"15,147,200,162",0
950.png,"0,114,200,129",0
951.png,"95,158,200,173",0
952.png,"119,66,200,80",0
953.png,"29,80,200,91",0
954.png,"102,175,200,190",0
955.png,"94,158,200,169",0
956.png,"0,133,115,145",0
957.png,"25,84,200,96",0
958.png,"0,161,71,175",0
959.png,"124,33,200,45",0
960.png,"60,4,200,21",0
961.png,"108,21,200,33",0
962.png,"0,84,62,97",0
963.png,"0,137,200,152",0
964.png,"144,150,200,167",0
965.png,"82,56,200,68",0
966.png,"117,151,200,162",0
967.png,"33,120,200,133",0
968.png,"77,36,200,48",0
969.png,"146,125,200,136",0
970.png,"20,14,200,31",0
971.png,"0,146,200,157",0
972.png,"0,156,171,167",0
973.png,"0,56,200,71",0
974.png,"0,112,115,123",0
975.png,"24,161,200,173",0
976.png,"3,38,200,54",0
977.png,"0,40,168,51",0
978.png,"11,87,200,102",0
979.png,"51,139,200,150",0
980.png,"0,60,135,71",0
981.png,"0,27,136,38",0
982.png,"125,88,200,102",0
983.png,"0,91,100,101",0
984.png,"52,74,200,86",0
985.png,"82,41,200,49",0
986.png,"124,94,200,109",0
987.png,"37,138,200,150",0
988.png,"93,99,200,111",0
989.png,"66,65,200,80",0
990.png,"112,140,200,157",0
991.png,"28,53,102,61",0
992.png,"0,5,189,22",0
993.png,"94,144,200,159",0
994.png,"0,36,200,47",0
995.png,"56,38,200,54",0
996.png,"0,13,66,25",0
997.png,"45,154,200,167",0
998.png,"118,131,200,142",0
999.png,"115,55,200,65",0
1000.png,"2,71,167,86",0
1001.png,"109,71,200,82",1
1002.png,"7,157,177,167",1
1003.png,"34,155,200,171",1
1004.png,"85,157,200,169",1
1005.png,"103,108,127,122",1
1006.png,"0,106,85,118",1
1007.png,"99,68,164,79",1
1008.png,"5,32,161,45",1
1009.png,"87,48,200,57",1
1010.png,"0,62,45,73",1
1011.png,"0,73,130,84",1
1012.png,"69,16,120,26",1
1013.png,"7,180,88,189",1
1014.png,"121,38,200,47",1
1015.png,"0,44,76,56",1
1016.png,"42,103,141,115",1
1017.png,"12,136,127,149",1
1018.png,"154,91,200,104",1
1019.png,"77,94,200,108",1
1020.png,"79,43,200,57",1
1021.png,"0,115,196,129",1
1022.png,"5,109,117,120",1
1023.png,"0,116,200,130",1
1024.png,"49,120,158,130",1
1025.png,"104,169,173,182",1
1026.png,"110,75,169,85",1
1027.png,"0,39,75,48",1
1028.png,"0,138,184,147",1
1029.png,"0,63,200,76",1
1030.png,"31,176,93,187",1
1031.png,"87,152,172,161",1
1032.png,"71,165,200,178",1
1033.png,"0,6,200,20",1
1034.png,"113,29,193,41",1
1035.png,"48,33,179,45",1
1036.png,"153,26,200,38",1
1037.png,"111,179,200,191",1
1038.png,"76,47,124,58",1
1039.png,"130,19,200,30",1
1040.png,"0,159,40,170",1
1041.png,"0,52,167,65",1
1042.png,"82,57,200,67",1
1043.png,"0,142,46,153",1
1044.png,"30,112,107,122",1
1045.png,"137,27,200,43",1
1046.png,"122,172,198,183",1
1047.png,"0,86,172,99",1
1048.png,"0,136,74,148",1
1049.png,"25,77,76,85",1
1050.png,"0,126,108,139",1
1051.png,"82,127,189,136",1
1052.png,"0,179,186,189",1
1053.png,"97,95,200,110",1
1054.png,"75,21,150,32",1
1055.png,"0,137,200,152",1
1056.png,"112,56,200,68",1
1057.png,"92,135,139,147",1
1058.png,"111,12,152,24",1
1059.png,"133,95,200,109",1
1060.png,"0,114,72,124",1
1061.png,"0,160,83,172",1
1062.png,"90,26,200,37",1
1063.png,"133,38,199,48",1
1064.png,"29,52,170,62",1
1065.png,"0,121,72,132",1
1066.png,"0,85,176,101",1
1067.png,"54,27,192,38",1
1068.png,"76,136,197,149",1
1069.png,"60,12,200,26",1
1070.png,"0,169,48,180",1
1071.png,"150,16,200,29",1
1072.png,"136,46,200,59",1
1073.png,"79,146,195,159",1
1074.png,"100,31,200,42",1
1075.png,"45,75,170,86",1
1076.png,"125,117,200,126",1
1077.png,"135,174,200,184",1
1078.png,"155,128,200,140",1
1079.png,"0,55,109,67",1
1080.png,"160,98,200,114",1
1081.png,"0,20,101,34",1
1082.png,"0,151,191,162",1
1083.png,"0,55,103,65",1
1084.png,"27,14,70,23",1
1085.png,"80,33,197,47",1
1086.png,"122,36,200,48",1
1087.png,"157,60,200,73",1
1088.png,"0,180,113,193",1
1089.png,"75,169,170,181",1
1090.png,"129,127,200,140",1
1091.png,"126,99,200,111",1
1092.png,"97,98,200,110",1
1093.png,"59,51,200,66",1
1094.png,"60,32,200,48",1
1095.png,"125,9,200,22",1
1096.png,"0,164,200,175",1
1097.png,"35,156,200,166",1
1098.png,"37,78,173,90",1
1099.png,"0,33,99,47",1
1100.png,"10,176,96,187",1
1101.png,"152,104,200,116",1
1102.png,"0,158,81,170",1
1103.png,"46,47,200,58",1
1104.png,"141,175,200,185",1
1105.png,"100,101,200,115",1
1106.png,"0,39,43,48",1
1107.png,"0,100,38,110",1
1108.png,"13,135,74,144",1
1109.png,"101,88,200,100",1
1110.png,"0,98,138,112",1
1111.png,"0,21,77,33",1
1112.png,"82,108,200,119",1
1113.png,"101,30,200,41",1
1114.png,"24,29,200,43",1
1115.png,"48,12,195,23",1
1116.png,"93,152,168,161",1
1117.png,"107,67,200,81",1
1118.png,"113,170,200,182",1
1119.png,"1,148,200,164",1
1120.png,"0,23,71,35",1
1121.png,"29,67,200,80",1
1122.png,"158,118,200,127",1
1123.png,"0,83,200,96",1
1124.png,"0,89,75,99",1
1125.png,"66,126,198,137",1
1126.png,"0,162,72,172",1
1127.png,"138,111,200,125",1
1128.png,"131,123,200,138",1
1129.png,"138,159,200,171",1
1130.png,"0,110,20,121",1
1131.png,"146,139,200,152",1
1132.png,"114,115,200,126",1
1133.png,"0,22,120,36",1
1134.png,"109,155,200,166",1
1135.png,"138,170,200,181",1
1136.png,"48,157,200,168",1
1137.png,"47,88,113,97",1
1138.png,"26,12,200,22",1
1139.png,"127,118,181,128",1
1140.png,"34,173,125,183",1
1141.png,"0,19,97,31",1
1142.png,"143,136,200,145",1
1143.png,"38,78,200,88",1
1144.png,"0,174,131,189",1
1145.png,"0,68,105,82",1
1146.png,"14,132,80,144",1
1147.png,"159,142,200,153",1
1148.png,"94,163,200,176",1
1149.png,"157,76,200,90",1
1150.png,"0,37,59,52",1
1151.png,"0,13,90,26",1
1152.png,"58,138,200,149",1
1153.png,"34,145,200,160",1
1154.png,"107,54,176,65",1
1155.png,"24,17,114,30",1
1156.png,"0,98,142,107",1
1157.png,"114,12,181,25",1
1158.png,"119,25,200,38",1
1159.png,"124,109,200,123",1
1160.png,"86,13,200,24",1
1161.png,"6,70,112,81",1
1162.png,"116,177,200,191",1
1163.png,"0,52,200,66",1
1164.png,"16,77,197,90",1
1165.png,"12,85,200,97",1
1166.png,"60,18,200,29",1
1167.png,"0,127,200,140",1
1168.png,"0,74,200,88",1
1169.png,"27,163,106,172",1
1170.png,"58,110,123,124",1
1171.png,"0,154,58,164",1
1172.png,"0,107,58,120",1
1173.png,"0,91,94,105",1
1174.png,"0,132,103,143",1
1175.png,"154,9,200,20",1
1176.png,"33,52,200,64",1
1177.png,"123,94,200,107",1
1178.png,"87,102,200,112",1
1179.png,"58,120,143,131",1
1180.png,"58,56,145,70",1
1181.png,"0,25,191,39",1
1182.png,"0,144,200,158",1
1183.png,"152,159,200,169",1
1184.png,"35,69,200,82",1
1185.png,"74,157,200,171",1
1186.png,"124,84,200,97",1
1187.png,"4,154,126,165",1
1188.png,"0,145,175,158",1
1189.png,"94,162,200,176",1
1190.png,"37,162,200,177",1
1191.png,"125,59,200,70",1
1192.png,"117,168,200,180",1
1193.png,"0,88,75,99",1
1194.png,"117,63,200,76",1
1195.png,"134,11,200,25",1
1196.png,"135,106,200,115",1
1197.png,"139,10,200,23",1
1198.png,"0,95,37,107",1
1199.png,"20,8,200,22",1
1200.png,"49,84,166,95",1
1201.png,"158,61,200,71",1
1202.png,"0,89,115,99",1
1203.png,"67,17,138,31",1
1204.png,"15,34,145,48",1
1205.png,"138,33,200,44",1
1206.png,"0,164,200,176",1
1207.png,"76,94,181,106",1
1208.png,"129,156,200,170",1
1209.png,"0,29,124,43",1
1210.png,"0,19,92,28",1
1211.png,"138,42,200,54",1
1212.png,"123,52,200,66",1
1213.png,"5,54,117,70",1
1214.png,"143,139,191,149",1
1215.png,"110,43,200,53",1
1216.png,"0,76,200,86",1
1217.png,"12,172,200,182",1
1218.png,"80,46,200,59",1
1219.png,"43,24,195,38",1
1220.png,"0,166,200,178",1
1221.png,"55,97,139,108",1
1222.png,"10,17,200,33",1
1223.png,"54,46,200,62",1
1224.png,"113,179,200,190",1
1225.png,"159,134,200,147",1
1226.png,"150,58,200,68",1
1227.png,"33,119,57,133",1
1228.png,"117,34,200,43",1
1229.png,"77,85,200,98",1
1230.png,"76,23,200,37",1
1231.png,"0,102,200,115",1
1232.png,"103,95,200,107",1
1233.png,"40,54,176,64",1
1234.png,"52,163,170,173",1
1235.png,"111,164,200,179",1
1236.png,"88,64,200,75",1
1237.png,"0,9,60,25",1
1238.png,"131,64,200,77",1
1239.png,"72,160,200,174",1
1240.png,"45,76,95,89",1
1241.png,"0,67,109,81",1
1242.png,"14,51,200,65",1
1243.png,"0,32,81,45",1
1244.png,"83,111,200,121",1
1245.png,"9,180,121,193",1
1246.png,"129,136,200,146",1
1247.png,"0,21,137,34",1
1248.png,"0,79,44,88",1
1249.png,"141,161,200,176",1
1250.png,"0,90,47,100",1
1251.png,"31,36,200,50",1
1252.png,"19,177,168,188",1
1253.png,"0,161,200,174",1
1254.png,"1,86,200,96",1
1255.png,"49,109,200,121",1
1256.png,"0,37,194,53",1
1257.png,"119,178,200,192",1
1258.png,"82,20,200,35",1
1259.png,"12,159,200,175",1
1260.png,"0,179,64,190",1
1261.png,"0,79,88,90",1
1262.png,"70,113,200,124",1
1263.png,"0,35,102,48",1
1264.png,"127,89,200,105",1
1265.png,"0,8,200,21",1
1266.png,"0,91,72,100",1
1267.png,"72,165,152,174",1
1268.png,"146,147,200,161",1
1269.png,"0,126,64,137",1
1270.png,"113,31,200,45",1
1271.png,"40,134,200,149",1
1272.png,"119,44,200,56",1
1273.png,"51,21,169,30",1
1274.png,"0,29,200,43",1
1275.png,"0,143,78,158",1
1276.png,"84,21,200,33",1
1277.png,"65,35,200,49",1
1278.png,"0,118,81,129",1
1279.png,"0,175,91,186",1
1280.png,"58,46,188,56",1
1281.png,"151,114,200,124",1
1282.png,"0,180,62,192",1
1283.png,"147,41,200,53",1
1284.png,"124,5,200,20",1
1285.png,"88,100,196,115",1
1286.png,"114,72,200,83",1
1287.png,"0,108,119,121",1
1288.png,"106,45,200,56",1
1289.png,"134,132,200,142",1
1290.png,"133,101,200,114",1
1291.png,"44,151,117,159",1
1292.png,"19,128,200,139",1
1293.png,"75,115,161,129",1
1294.png,"0,83,103,97",1
1295.png,"155,122,200,136",1
1296.png,"43,93,146,106",1
1297.png,"127,69,200,79",1
1298.png,"0,22,123,35",1
1299.png,"41,117,136,129",1
1300.png,"88,38,200,52",1
1301.png,"7,31,63,42",1
1302.png,"0,35,200,46",1
1303.png,"77,104,200,117",1
1304.png,"61,99,200,112",1
1305.png,"54,44,200,56",1
1306.png,"95,52,178,64",1
1307.png,"150,31,200,45",1
1308.png,"0,116,128,128",1
1309.png,"0,75,200,89",1
1310.png,"37,64,88,74",1
1311.png,"154,46,200,57",1
1312.png,"149,78,200,91",1
1313.png,"107,134,200,148",1
1314.png,"6,174,144,184",1
1315.png,"29,8,151,20",1
1316.png,"103,150,200,164",1
1317.png,"89,50,200,63",1
1318.png,"15,8,48,22",1
1319.png,"0,83,59,96",1
1320.png,"129,60,200,70",1
1321.png,"134,126,200,140",1
1322.png,"0,167,100,181",1
1323.png,"14,157,111,168",1
1324.png,"125,172,200,186",1
1325.png,"7,121,29,131",1
1326.png,"0,126,121,140",1
1327.png,"38,149,121,159",1
1328.png,"82,134,200,148",1
1329.png,"0,111,107,124",1
1330.png,"0,143,172,157",1
1331.png,"61,177,200,190",1
1332.png,"1,172,137,186",1
1333.png,"141,163,200,175",1
1334.png,"10,150,104,161",1
1335.png,"39,13,86,23",1
1336.png,"0,44,91,60",1
1337.png,"53,58,163,72",1
1338.png,"0,92,23,105",1
1339.png,"0,122,95,135",1
1340.png,"90,148,200,158",1
1341.png,"40,138,161,150",1
1342.png,"35,26,123,35",1
1343.png,"157,123,200,135",1
1344.png,"43,84,200,97",1
1345.png,"78,38,200,49",1
1346.png,"0,93,73,106",1
1347.png,"0,74,104,85",1
1348.png,"69,60,200,72",1
1349.png,"11,42,200,53",1
1350.png,"14,158,97,172",1
1351.png,"0,163,129,174",1
1352.png,"94,110,200,123",1
1353.png,"151,89,200,103",1
1354.png,"90,86,200,100",1
1355.png,"26,54,200,66",1
1356.png,"58,159,172,170",1
1357.png,"76,11,194,22",1
1358.png,"0,150,133,162",1
1359.png,"157,75,200,85",1
1360.png,"0,166,139,177",1
1361.png,"126,144,200,158",1
1362.png,"0,157,56,168",1
1363.png,"0,142,40,154",1
1364.png,"0,49,200,65",1
1365.png,"2,77,195,92",1
1366.png,"76,160,200,176",1
1367.png,"0,112,63,122",1
1368.png,"0,137,62,148",1
1369.png,"16,28,165,39",1
1370.png,"0,68,80,82",1
1371.png,"18,141,162,156",1
1372.png,"23,172,200,187",1
1373.png,"144,69,200,80",1
1374.png,"109,81,200,95",1
1375.png,"147,133,200,147",1
1376.png,"0,122,166,138",1
1377.png,"0,69,105,83",1
1378.png,"26,91,154,107",1
1379.png,"143,13,200,24",1
1380.png,"66,122,200,133",1
1381.png,"46,48,158,61",1
1382.png,"45,139,133,150",1
1383.png,"0,46,187,60",1
1384.png,"0,13,168,27",1
1385.png,"0,36,143,50",1
1386.png,"14,78,179,92",1
1387.png,"14,39,123,49",1
1388.png,"0,70,43,80",1
1389.png,"133,137,200,149",1
1390.png,"68,39,200,55",1
1391.png,"0,20,27,29",1
1392.png,"146,41,200,54",1
1393.png,"83,102,200,113",1
1394.png,"145,147,200,160",1
1395.png,"108,151,159,165",1
1396.png,"59,71,174,85",1
1397.png,"0,50,92,61",1
1398.png,"47,38,172,48",1
1399.png,"67,146,200,160",1
1400.png,"5,32,101,46",1
1401.png,"16,65,200,77",1
1402.png,"5,150,200,165",1
1403.png,"103,24,189,33",1
1404.png,"159,110,200,126",1
1405.png,"53,164,141,174",1
1406.png,"139,28,200,39",1
1407.png,"76,64,200,74",1
1408.png,"67,56,172,71",1
1409.png,"0,102,75,116",1
1410.png,"154,16,200,28",1
1411.png,"116,14,200,25",1
1412.png,"33,126,168,140",1
1413.png,"15,86,200,100",1
1414.png,"133,46,200,57",1
1415.png,"0,26,94,40",1
1416.png,"0,12,52,23",1
1417.png,"78,71,180,82",1
1418.png,"92,12,167,24",1
1419.png,"117,103,200,113",1
1420.png,"43,27,156,40",1
1421.png,"0,92,200,106",1
1422.png,"151,128,200,137",1
1423.png,"148,45,200,56",1
1424.png,"0,167,197,180",1
1425.png,"128,122,200,138",1
1426.png,"141,84,200,98",1
1427.png,"60,91,200,102",1
1428.png,"0,132,82,145",1
1429.png,"0,22,78,32",1
1430.png,"149,29,200,41",1
1431.png,"0,14,200,28",1
1432.png,"0,106,25,116",1
1433.png,"0,57,101,71",1
1434.png,"42,108,182,121",1
1435.png,"77,172,200,183",1
1436.png,"0,103,50,113",1
1437.png,"75,54,160,64",1
1438.png,"0,158,200,169",1
1439.png,"0,126,172,140",1
1440.png,"91,84,167,94",1
1441.png,"145,80,200,94",1
1442.png,"125,167,179,178",1
1443.png,"128,150,200,163",1
1444.png,"11,117,118,128",1
1445.png,"91,94,188,105",1
1446.png,"0,149,143,160",1
1447.png,"32,166,146,177",1
1448.png,"0,61,200,75",1
1449.png,"0,171,21,182",1
1450.png,"0,33,147,46",1
1451.png,"149,163,200,175",1
1452.png,"135,151,196,165",1
1453.png,"140,73,200,87",1
1454.png,"89,172,200,181",1
1455.png,"0,148,48,162",1
1456.png,"137,162,200,175",1
1457.png,"114,101,200,114",1
1458.png,"50,58,76,66",1
1459.png,"0,106,138,120",1
1460.png,"16,48,191,58",1
1461.png,"40,95,149,105",1
1462.png,"77,40,165,52",1
1463.png,"0,115,200,127",1
1464.png,"113,155,189,169",1
1465.png,"124,98,200,107",1
1466.png,"130,140,190,151",1
1467.png,"59,75,98,85",1
1468.png,"107,86,200,100",1
1469.png,"105,25,200,39",1
1470.png,"107,20,200,33",1
1471.png,"0,21,65,32",1
1472.png,"148,63,200,76",1
1473.png,"52,95,144,106",1
1474.png,"0,139,73,148",1
1475.png,"67,11,200,20",1
1476.png,"0,61,51,71",1
1477.png,"0,133,43,143",1
1478.png,"81,116,161,125",1
1479.png,"147,150,200,160",1
1480.png,"0,175,168,191",1
1481.png,"0,12,75,26",1
1482.png,"56,180,200,194",1
1483.png,"148,134,200,148",1
1484.png,"13,110,151,122",1
1485.png,"156,62,200,72",1
1486.png,"72,29,200,44",1
1487.png,"76,140,100,151",1
1488.png,"0,152,200,168",1
1489.png,"0,97,74,110",1
1490.png,"95,113,200,127",1
1491.png,"154,106,200,120",1
1492.png,"87,20,200,29",1
1493.png,"32,161,153,174",1
1494.png,"35,24,99,35",1
1495.png,"75,149,200,158",1
1496.png,"154,155,200,169",1
1497.png,"40,114,200,124",1
1498.png,"154,80,200,91",1
1499.png,"145,68,200,80",1
1500.png,"111,23,200,37",1
1501.png,"130,38,200,53",1
1502.png,"145,132,200,143",1
1503.png,"0,111,45,122",1
1504.png,"48,137,138,147",1
1505.png,"21,67,176,81",1
1506.png,"60,27,168,39",1
1507.png,"94,37,200,47",1
1508.png,"0,142,200,156",1
1509.png,"0,155,167,166",1
1510.png,"91,81,161,89",1
1511.png,"119,114,196,125",1
1512.png,"0,82,52,93",1
1513.png,"71,42,200,55",1
1514.png,"110,23,200,36",1
1515.png,"83,71,177,82",1
1516.png,"9,169,78,182",1
1517.png,"50,117,200,130",1
1518.png,"27,93,200,107",1
1519.png,"118,44,200,58",1
1520.png,"0,167,113,181",1
1521.png,"126,123,200,136",1
1522.png,"0,177,123,191",1
1523.png,"54,125,200,139",1
1524.png,"15,143,134,153",1
1525.png,"0,93,77,106",1
1526.png,"0,105,174,119",1
1527.png,"0,110,200,124",1
1528.png,"89,80,156,91",1
1529.png,"57,86,159,100",1
1530.png,"138,72,200,88",1
1531.png,"54,29,200,43",1
1532.png,"84,84,162,95",1
1533.png,"122,126,200,140",1
1534.png,"0,85,75,98",1
1535.png,"43,166,200,176",1
1536.png,"0,163,200,174",1
1537.png,"57,46,157,62",1
1538.png,"9,85,191,96",1
1539.png,"45,139,200,151",1
1540.png,"0,160,147,174",1
1541.png,"58,40,200,51",1
1542.png,"78,149,184,162",1
1543.png,"0,165,63,175",1
1544.png,"18,47,165,61",1
1545.png,"127,90,200,105",1
1546.png,"101,44,185,54",1
1547.png,"135,161,200,175",1
1548.png,"68,168,200,180",1
1549.png,"34,85,141,95",1
1550.png,"0,112,24,122",1
1551.png,"98,136,200,150",1
1552.png,"76,110,200,123",1
1553.png,"152,151,200,162",1
1554.png,"33,124,195,135",1
1555.png,"0,164,104,175",1
1556.png,"1,29,60,39",1
1557.png,"158,100,200,110",1
1558.png,"36,137,183,148",1
1559.png,"140,18,200,31",1
1560.png,"60,123,200,134",1
1561.png,"8,153,123,164",1
1562.png,"0,168,96,181",1
1563.png,"51,89,200,103",1
1564.png,"96,113,200,127",1
1565.png,"153,138,200,148",1
1566.png,"160,47,200,59",1
1567.png,"143,67,200,77",1
1568.png,"150,145,200,159",1
1569.png,"52,35,200,46",1
1570.png,"109,100,200,114",1
1571.png,"122,68,200,79",1
1572.png,"0,121,141,134",1
1573.png,"6,39,84,49",1
1574.png,"47,147,200,156",1
1575.png,"148,15,200,26",1
1576.png,"8,134,84,149",1
1577.png,"0,160,104,171",1
1578.png,"0,146,110,157",1
1579.png,"0,169,144,183",1
1580.png,"130,66,200,78",1
1581.png,"61,86,200,102",1
1582.png,"0,18,84,29",1
1583.png,"141,162,200,176",1
1584.png,"11,50,88,59",1
1585.png,"151,80,200,94",1
1586.png,"0,26,128,39",1
1587.png,"66,56,200,67",1
1588.png,"5,63,184,77",1
1589.png,"145,179,200,193",1
1590.png,"17,144,157,155",1
1591.png,"77,12,200,23",1
1592.png,"0,139,132,153",1
1593.png,"119,109,200,119",1
1594.png,"17,153,200,167",1
1595.png,"98,101,200,114",1
1596.png,"86,21,162,30",1
1597.png,"55,22,179,31",1
1598.png,"0,17,142,27",1
1599.png,"157,121,200,130",1
1600.png,"66,178,200,192",1
1601.png,"83,38,200,50",1
1602.png,"0,28,114,42",1
1603.png,"0,130,50,143",1
1604.png,"0,49,200,63",1
1605.png,"9,128,81,138",1
1606.png,"0,86,137,99",1
1607.png,"18,66,66,76",1
1608.png,"42,87,177,97",1
1609.png,"42,153,200,167",1
1610.png,"139,94,200,106",1
1611.png,"0,139,117,153",1
1612.png,"25,32,113,48",1
1613.png,"152,66,200,79",1
1614.png,"0,90,68,104",1
1615.png,"0,45,200,58",1
1616.png,"0,92,141,104",1
1617.png,"159,30,200,41",1
1618.png,"0,99,89,113",1
1619.png,"55,176,119,185",1
1620.png,"156,84,200,94",1
1621.png,"0,161,35,172",1
1622.png,"16,158,200,173",1
1623.png,"50,27,156,36",1
1624.png,"52,79,144,89",1
1625.png,"93,145,200,155",1
1626.png,"0,16,92,26",1
1627.png,"19,71,129,85",1
1628.png,"144,153,200,164",1
1629.png,"1,146,162,162",1
1630.png,"0,65,69,75",1
1631.png,"0,118,133,131",1
1632.png,"155,45,200,58",1
1633.png,"116,125,200,134",1
1634.png,"31,120,186,133",1
1635.png,"68,60,150,74",1
1636.png,"0,90,42,102",1
1637.png,"136,28,200,39",1
1638.png,"42,151,166,164",1
1639.png,"134,168,200,180",1
1640.png,"0,174,120,188",1
1641.png,"61,107,183,120",1
1642.png,"148,171,200,185",1
1643.png,"0,155,200,165",1
1644.png,"152,123,200,133",1
1645.png,"154,170,200,181",1
1646.png,"37,80,139,93",1
1647.png,"134,122,200,133",1
1648.png,"91,139,185,149",1
1649.png,"9,65,163,79",1
1650.png,"48,132,122,143",1
1651.png,"81,47,200,58",1
1652.png,"65,141,200,153",1
1653.png,"100,33,200,44",1
1654.png,"55,45,200,59",1
1655.png,"13,12,195,28",1
1656.png,"0,144,200,159",1
1657.png,"0,88,60,98",1
1658.png,"154,123,200,137",1
1659.png,"43,151,185,165",1
1660.png,"58,67,162,78",1
1661.png,"69,125,179,135",1
1662.png,"0,24,170,34",1
1663.png,"153,144,200,157",1
1664.png,"89,59,200,72",1
1665.png,"6,94,200,108",1
1666.png,"134,103,200,115",1
1667.png,"0,60,111,70",1
1668.png,"0,52,110,63",1
1669.png,"94,52,190,63",1
1670.png,"44,114,200,128",1
1671.png,"0,71,147,84",1
1672.png,"145,81,200,91",1
1673.png,"155,10,200,26",1
1674.png,"0,80,93,90",1
1675.png,"0,133,109,142",1
1676.png,"82,13,183,22",1
1677.png,"81,151,183,162",1
1678.png,"116,20,200,31",1
1679.png,"37,105,135,116",1
1680.png,"123,9,200,22",1
1681.png,"60,27,145,38",1
1682.png,"118,46,200,59",1
1683.png,"96,166,200,181",1
1684.png,"91,149,200,160",1
1685.png,"90,101,189,115",1
1686.png,"0,114,200,126",1
1687.png,"84,71,200,85",1
1688.png,"88,89,200,100",1
1689.png,"94,26,200,37",1
1690.png,"0,42,129,52",1
1691.png,"159,110,200,119",1
1692.png,"0,113,122,122",1
1693.png,"47,139,143,153",1
1694.png,"74,118,200,129",1
1695.png,"79,110,200,126",1
1696.png,"45,21,200,35",1
1697.png,"83,43,200,57",1
1698.png,"0,88,91,100",1
1699.png,"0,179,53,189",1
1700.png,"116,72,195,84",1
1701.png,"0,166,71,180",1
1702.png,"0,104,200,116",1
1703.png,"12,104,192,118",1
1704.png,"127,149,145,160",1
1705.png,"109,68,200,82",1
1706.png,"118,160,200,173",1
1707.png,"0,31,55,42",1
1708.png,"31,68,48,81",1
1709.png,"0,155,72,166",1
1710.png,"0,74,90,87",1
1711.png,"0,128,200,144",1
1712.png,"160,81,200,92",1
1713.png,"0,80,93,90",1
1714.png,"85,14,200,28",1
1715.png,"0,15,84,31",1
1716.png,"93,141,200,151",1
1717.png,"140,42,200,53",1
1718.png,"0,26,22,37",1
1719.png,"126,177,200,191",1
1720.png,"0,146,200,156",1
1721.png,"0,138,40,149",1
1722.png,"134,153,200,169",1
1723.png,"0,34,143,46",1
1724.png,"7,175,164,186",1
1725.png,"102,71,200,82",1
1726.png,"0,107,46,120",1
1727.png,"77,63,167,74",1
1728.png,"91,110,194,121",1
1729.png,"74,119,200,129",1
1730.png,"0,37,80,47",1
1731.png,"47,60,175,73",1
1732.png,"2,14,200,28",1
1733.png,"123,23,200,35",1
1734.png,"92,145,200,158",1
1735.png,"45,94,200,105",1
1736.png,"3,146,200,161",1
1737.png,"51,52,126,64",1
1738.png,"13,113,142,124",1
1739.png,"142,54,200,67",1
1740.png,"75,179,200,193",1
1741.png,"134,50,176,64",1
1742.png,"99,75,200,89",1
1743.png,"47,38,147,48",1
1744.png,"135,154,200,168",1
1745.png,"88,26,200,40",1
1746.png,"0,46,94,57",1
1747.png,"52,148,121,158",1
1748.png,"45,68,166,78",1
1749.png,"0,20,92,31",1
1750.png,"0,120,54,135",1
1751.png,"157,142,200,155",1
1752.png,"127,128,168,137",1
1753.png,"59,17,200,28",1
1754.png,"54,100,104,111",1
1755.png,"52,103,117,112",1
1756.png,"3,144,193,155",1
1757.png,"115,28,200,41",1
1758.png,"96,113,200,124",1
1759.png,"0,122,163,136",1
1760.png,"78,126,200,138",1
1761.png,"148,90,200,104",1
1762.png,"89,67,181,79",1
1763.png,"130,40,200,50",1
1764.png,"38,102,137,115",1
1765.png,"0,61,200,75",1
1766.png,"78,122,200,131",1
1767.png,"28,134,152,143",1
1768.png,"26,17,113,29",1
1769.png,"47,136,171,150",1
1770.png,"0,57,91,70",1
1771.png,"130,75,200,86",1
1772.png,"128,61,200,74",1
1773.png,"18,90,134,101",1
1774.png,"21,157,91,172",1
1775.png,"35,162,200,178",1
1776.png,"47,70,196,82",1
1777.png,"69,59,200,69",1
1778.png,"77,172,130,183",1
1779.png,"30,125,200,137",1
1780.png,"0,80,46,91",1
1781.png,"0,120,132,130",1
1782.png,"0,31,129,45",1
1783.png,"124,124,200,133",1
1784.png,"12,149,185,163",1
1785.png,"0,29,89,43",1
1786.png,"105,74,200,89",1
1787.png,"27,9,200,24",1
1788.png,"113,113,200,123",1
1789.png,"0,68,200,82",1
1790.png,"95,172,200,186",1
1791.png,"107,119,200,129",1
1792.png,"75,176,200,186",1
1793.png,"40,40,191,54",1
1794.png,"19,21,93,31",1
1795.png,"113,112,200,123",1
1796.png,"26,126,200,136",1
1797.png,"0,20,79,30",1
1798.png,"59,82,200,98",1
1799.png,"158,160,200,171",1
1800.png,"130,107,200,119",1
1801.png,"0,39,96,53",1
1802.png,"66,44,200,56",1
1803.png,"14,177,114,190",1
1804.png,"122,175,200,186",1
1805.png,"0,41,65,54",1
1806.png,"0,123,44,136",1
1807.png,"107,165,200,178",1
1808.png,"120,141,200,155",1
1809.png,"55,170,152,183",1
1810.png,"16,131,200,142",1
1811.png,"19,93,114,106",1
1812.png,"29,93,90,103",1
1813.png,"15,40,128,50",1
1814.png,"128,111,200,121",1
1815.png,"91,120,161,129",1
1816.png,"88,143,200,157",1
1817.png,"127,32,200,43",1
1818.png,"146,60,200,71",1
1819.png,"58,49,164,60",1
1820.png,"96,130,200,141",1
1821.png,"109,101,200,113",1
1822.png,"147,100,200,111",1
1823.png,"78,142,184,152",1
1824.png,"30,138,200,151",1
1825.png,"33,163,200,177",1
1826.png,"108,18,200,32",1
1827.png,"68,110,173,121",1
1828.png,"142,155,200,166",1
1829.png,"47,118,200,128",1
1830.png,"108,41,200,54",1
1831.png,"120,178,200,191",1
1832.png,"135,139,200,150",1
1833.png,"107,156,200,170",1
1834.png,"149,88,200,98",1
1835.png,"95,112,172,122",1
1836.png,"0,12,153,25",1
1837.png,"0,133,32,142",1
1838.png,"125,140,200,154",1
1839.png,"100,54,200,66",1
1840.png,"46,30,147,42",1
1841.png,"56,47,150,59",1
1842.png,"0,67,60,79",1
1843.png,"0,139,123,150",1
1844.png,"0,78,53,92",1
1845.png,"77,147,196,159",1
1846.png,"18,50,126,60",1
1847.png,"10,105,137,116",1
1848.png,"125,148,175,159",1
1849.png,"0,142,51,156",1
1850.png,"107,84,200,96",1
1851.png,"0,77,42,87",1
1852.png,"0,57,155,71",1
1853.png,"0,12,194,25",1
1854.png,"15,161,80,171",1
1855.png,"0,79,181,92",1
1856.png,"75,57,124,67",1
1857.png,"3,24,200,38",1
1858.png,"0,112,175,125",1
1859.png,"105,136,200,147",1
1860.png,"15,180,200,193",1
1861.png,"0,89,174,105",1
1862.png,"143,73,200,83",1
1863.png,"118,135,200,149",1
1864.png,"0,37,98,48",1
1865.png,"59,25,200,40",1
1866.png,"143,48,200,57",1
1867.png,"104,127,200,141",1
1868.png,"0,106,91,120",1
1869.png,"0,59,78,74",1
1870.png,"76,173,200,187",1
1871.png,"0,142,21,152",1
1872.png,"0,20,80,31",1
1873.png,"109,148,200,159",1
1874.png,"113,60,200,76",1
1875.png,"64,62,157,74",1
1876.png,"0,15,32,27",1
1877.png,"20,158,174,169",1
1878.png,"28,130,200,143",1
1879.png,"14,15,200,29",1
1880.png,"22,93,152,103",1
1881.png,"144,73,200,82",1
1882.png,"87,147,200,160",1
1883.png,"2,132,84,144",1
1884.png,"49,133,185,144",1
1885.png,"0,82,115,96",1
1886.png,"3,41,140,49",1
1887.png,"53,83,200,94",1
1888.png,"0,66,77,77",1
1889.png,"0,129,200,139",1
1890.png,"152,75,200,89",1
1891.png,"33,161,199,171",1
1892.png,"92,159,142,169",1
1893.png,"0,7,200,20",1
1894.png,"30,143,144,152",1
1895.png,"87,89,200,100",1
1896.png,"0,17,145,31",1
1897.png,"0,19,109,30",1
1898.png,"11,127,180,140",1
1899.png,"137,113,200,124",1
1900.png,"0,47,48,56",1
1901.png,"0,173,127,185",1
1902.png,"49,107,200,119",1
1903.png,"40,153,200,165",1
1904.png,"35,144,200,154",1
1905.png,"113,179,200,193",1
1906.png,"65,16,200,30",1
1907.png,"150,159,200,170",1
1908.png,"0,143,116,157",1
1909.png,"113,49,200,60",1
1910.png,"0,159,74,170",1
1911.png,"0,35,174,49",1
1912.png,"0,138,115,152",1
1913.png,"59,114,200,127",1
1914.png,"56,91,164,104",1
1915.png,"0,116,139,132",1
1916.png,"0,89,192,103",1
1917.png,"0,24,57,37",1
1918.png,"62,112,160,125",1
1919.png,"14,47,115,57",1
1920.png,"159,17,200,29",1
1921.png,"92,180,200,194",1
1922.png,"0,100,151,111",1
1923.png,"0,129,200,140",1
1924.png,"83,51,200,67",1
1925.png,"113,72,200,83",1
1926.png,"0,176,38,187",1
1927.png,"114,17,200,31",1
1928.png,"122,133,200,142",1
1929.png,"86,140,198,155",1
1930.png,"0,26,90,35",1
1931.png,"56,162,121,172",1
1932.png,"40,120,200,134",1
1933.png,"0,114,124,130",1
1934.png,"101,95,196,109",1
1935.png,"0,18,70,32",1
1936.png,"61,22,200,34",1
1937.png,"0,152,33,166",1
1938.png,"127,154,200,166",1
1939.png,"42,90,118,100",1
1940.png,"1,75,70,85",1
1941.png,"13,14,200,28",1
1942.png,"24,27,172,39",1
1943.png,"56,72,200,83",1
1944.png,"0,57,153,69",1
1945.png,"87,44,200,60",1
1946.png,"0,98,90,107",1
1947.png,"0,71,63,84",1
1948.png,"118,66,200,80",1
1949.png,"0,94,35,106",1
1950.png,"153,37,200,50",1
1951.png,"0,150,83,166",1
1952.png,"6,162,178,174",1
1953.png,"74,163,200,177",1
1954.png,"114,53,177,65",1
1955.png,"37,44,172,54",1
1956.png,"73,124,200,137",1
1957.png,"0,166,71,175",1
1958.png,"76,112,174,124",1
1959.png,"144,10,200,24",1
1960.png,"18,84,108,98",1
1961.png,"16,127,151,137",1
1962.png,"57,94,125,107",1
1963.png,"66,96,134,109",1
1964.png,"0,111,185,121",1
1965.png,"49,165,148,178",1
1966.png,"131,89,200,100",1
1967.png,"153,171,200,185",1
1968.png,"12,61,104,74",1
1969.png,"19,92,159,106",1
1970.png,"120,150,200,161",1
1971.png,"102,148,200,162",1
1972.png,"53,56,144,67",1
1973.png,"77,15,200,29",1
1974.png,"0,46,112,59",1
1975.png,"0,20,104,33",1
1976.png,"46,163,200,173",1
1977.png,"153,52,199,62",1
1978.png,"0,58,81,71",1
1979.png,"124,35,200,48",1
1980.png,"140,174,200,185",1
1981.png,"0,83,200,97",1
1982.png,"84,38,200,48",1
1983.png,"92,104,197,113",1
1984.png,"65,134,156,146",1
1985.png,"6,96,135,108",1
1986.png,"9,35,131,48",1
1987.png,"44,22,130,33",1
1988.png,"85,129,200,141",1
1989.png,"158,32,200,42",1
1990.png,"0,165,56,175",1
1991.png,"0,129,102,140",1
1992.png,"143,168,200,177",1
1993.png,"0,58,59,69",1
1994.png,"0,92,96,106",1
1995.png,"0,148,158,162",1
1996.png,"16,155,200,169",1
1997.png,"0,152,50,162",1
1998.png,"1,156,196,169",1
1999.png,"118,47,200,61",1
2000.png,"17,91,115,106",1
